brand,product_url
rajanwalia,https://gromo.in
rajanwalia,https://gromo.in/term-condition
rajanwalia,https://gromo.in/careers
rajanwalia,https://gromo.in/about-us
rajanwalia,https://gromo.in/privacy-policy
rajanwalia,https://gromo.in/blog/
rajanwalia,https://gromo.in/blog/why-buying-car-insurance-is-essential-how-you-can-get-the-best-deal/
rajanwalia,https://gromo.in/blog/personal-loan-vs-credit-card-loan-which-one-should-you-choose/
rajanwalia,https://gromo.in/blog/money-earning-apps/
rajanwalia,https://gromo.in/blog/lowest-interest-rate-personal-loan/
rajanwalia,https://gromo.in/blog/importance-of-health-insurance/
rajanwalia,https://gromo.in/blog/online-work-from-home-jobs-without-investment/
rajanwalia,https://gromo.in/blog/job-loss-insurance/
rajanwalia,https://gromo.in/blog/selling-credit-cards/
rajanwalia,https://gromo.in/blog/best-affiliate-programs/
rajanwalia,https://gromo.in/blog/free-affiliate-marketing-websites-in-india/
rajanwalia,https://gromo.in/blog/refer-and-earn-apps-in-india/
rajanwalia,https://gromo.in/blog/ways-to-make-money-from-home-for-free/
rajanwalia,https://gromo.in/blog/10-ways-to-earn-money-online-without-investment/
rajanwalia,https://gromo.in/blog/how-to-earn-money-online-for-students-without-investment/
rajanwalia,https://gromo.in/blog/best-earning-app-for-students-without-investment/
rajanwalia,https://gromo.in/blog/cfp-what-is-certified-financial-planner/
rajanwalia,https://gromo.in/blog/what-is-upi-id/
rajanwalia,https://gromo.in/blog/how-to-earn-money-from-home-by-becoming-a-gromo-partner/
rajanwalia,https://gromo.in/blog/gromo-funding/
rajanwalia,https://gromo.in/blog/mutual-funds-meaning/
rajanwalia,https://gromo.in/blog/investment-products-meaning/
rajanwalia,https://gromo.in/blog/personal-loan-meaning/
rajanwalia,https://gromo.in/blog/gromo-app/
rajanwalia,https://gromo.in/blog/how-to-open-a-demat-account-online/
rajanwalia,https://gromo.in/blog/benefits-of-term-life-insurance/
rajanwalia,https://gromo.in/blog/best-personal-loan-in-india/
rajanwalia,https://gromo.in/blog/best-ways-to-make-money-online/
rajanwalia,https://gromo.in/blog/financial-advisor/
rajanwalia,https://gromo.in/blog/15-best-credit-card-affiliate-programs-in-india/
rajanwalia,https://gromo.in/blog/10-best-financial-affiliate-programs-in-india/
rajanwalia,https://gromo.in/blog/how-to-start-a-business-from-home/
rajanwalia,https://gromo.in/blog/best-online-jobs-for-students-to-earn-money/
rajanwalia,https://gromo.in/blog/ways-to-create-a-passive-income-in-india/
rajanwalia,https://gromo.in/blog/best-side-hustle-ideas-to-earn-extra-money/
rajanwalia,https://gromo.in/blog/gromo-partner/
rajanwalia,https://gromo.in/blog/gromo-insure/
rajanwalia,https://gromo.in/blog/best-instant-loan/
rajanwalia,https://gromo.in/blog/gromo-support/
rajanwalia,https://gromo.in/blog/lic-policy/
rajanwalia,https://gromo.in/blog/emi/
rajanwalia,https://gromo.in/blog/best-credit-card-in-india/
rajanwalia,https://gromo.in/blog/personal-loan-interest-rates/
rajanwalia,https://gromo.in/blog/how-to-transfer-money-from-credit-card-to-bank-account/
rajanwalia,https://gromo.in/blog/how-to-open-a-savings-account/
rajanwalia,https://gromo.in/blog/top-providers-of-job-loss-insurance/
rajanwalia,https://gromo.in/blog/vehicle-loan-meaning/
rajanwalia,https://gromo.in/blog/vehicle-loan/
rajanwalia,https://gromo.in/blog/personal-loan/
rajanwalia,https://gromo.in/blog/is-gromo-real-or-fake/
rajanwalia,https://gromo.in/blog/emi-payment/
rajanwalia,https://gromo.in/blog/credit-card-for-low-cibil-score/
rajanwalia,https://gromo.in/blog/author/priyanshi/
rajanwalia,https://gromo.in/blog/author/sharma/
rajanwalia,https://gromo.in/blog/author/kalpit/
rajanwalia,https://gromo.in/blog/tag/affiliate/
rajanwalia,https://gromo.in/blog/tag/upi/
rajanwalia,https://gromo.in/blog/tag/demat-account/
rajanwalia,https://gromo.in/blog/tag/job-loss-insurance/
rajanwalia,https://gromo.in/blog/tag/health-insurance/
rajanwalia,https://gromo.in/blog/tag/investment/
rajanwalia,https://gromo.in/blog/tag/term-insurance/
rajanwalia,https://gromo.in/blog/tag/gromo-partner/
rajanwalia,https://gromo.in/blog/tag/loans/
rajanwalia,https://gromo.in/blog/tag/credit-cards/
rajanwalia,https://gromo.in/blog/tag/savings-account/
rajanwalia,https://gromo.in/blog/tag/insurance/
rajanwalia,https://gromo.in/blog/tag/gromo/
